{"nm":"Thong bao","mn":"","layers":[{"ty":0,"nm":"ThongBaoElement","mn":"","sr":1,"st":0,"op":180,"ip":0,"hd":false,"cl":"","ln":"","ddd":0,"bm":0,"tt":0,"hasMask":false,"td":0,"ao":0,"ks":{"a":{"a":0,"k":[500,500,0],"ix":1},"s":{"a":0,"k":[243,243,100],"ix":6},"sk":{"a":0,"k":0},"p":{"a":0,"k":[436,563,0],"ix":2},"sa":{"a":0,"k":0},"o":{"a":0,"k":100,"ix":11},"r":{"a":0,"k":0,"ix":10}},"ef":[],"w":1000,"h":1000,"refId":"comp_0","tm":{"a":1,"k":[{"o":{"x":0.167,"y":0.167},"i":{"x":0.833,"y":0.833},"s":[0],"t":0},{"o":{"x":0.167,"y":0.167},"i":{"x":0.833,"y":0.833},"s":[2],"t":60},{"o":{"x":0.167,"y":0.167},"i":{"x":0.833,"y":0.833},"s":[0],"t":120},{"o":{"x":0.167,"y":0.167},"i":{"x":0.833,"y":0.833},"s":[6],"t":180}],"ix":2},"ind":0}],"ddd":0,"h":1000,"w":1000,"meta":{"a":"","k":"","d":"","g":"LottieFiles AE 0.1.20","tc":"#ffffff"},"v":"5.5.7","fr":30,"op":120,"ip":0,"assets":[{"nm":"","mn":"","layers":[{"ty":4,"nm":"7 Outlines","mn":"","sr":1,"st":0,"op":180,"ip":0,"hd":false,"cl":"","ln":"","ddd":0,"bm":0,"tt":0,"hasMask":false,"td":0,"ao":0,"ks":{"a":{"a":0,"k":[4.25,4.25,0],"ix":1},"s":{"a":0,"k":[100,100,100],"ix":6},"sk":{"a":0,"k":0},"p":{"a":0,"k":[644,533,0],"ix":2},"sa":{"a":0,"k":0},"o":{"a":0,"k":100,"ix":11},"r":{"a":0,"k":0,"ix":10}},"ef":[{"ty":5,"mn":"ADBE CM WigglePosition","nm":"Wiggle - position","ix":1,"en":1,"ef":[{"ty":0,"mn":"ADBE CM WigglePosition-0001","nm":"Wiggle Speed (wigs/sec)","ix":1,"v":{"a":0,"k":1,"ix":1}},{"ty":0,"mn":"ADBE CM WigglePosition-0002","nm":"Wiggle Amount (pixels)","ix":2,"v":{"a":0,"k":3.5,"ix":2}}]},{"ty":5,"mn":"ADBE Geometry2","nm":"(Transform)","ix":2,"en":1,"ef":[{"ty":3,"mn":"ADBE Geometry2-0001","nm":"Anchor Point","ix":1,"v":{"a":0,"k":[0,0],"ix":1}},{"ty":3,"mn":"ADBE Geometry2-0002","nm":"Position","ix":2,"v":{"a":0,"k":[0,0],"ix":2}},{"ty":7,"mn":"ADBE Geometry2-0011","nm":"Uniform Scale","ix":3,"v":{"a":0,"k":1,"ix":3}},{"ty":0,"mn":"ADBE Geometry2-0003","nm":"Scale Height","ix":4,"v":{"a":0,"k":100,"ix":4}},{"ty":0,"mn":"ADBE Geometry2-0004","nm":"Scale Width","ix":5,"v":{"a":0,"k":100,"ix":5}},{"ty":0,"mn":"ADBE Geometry2-0005","nm":"Skew","ix":6,"v":{"a":0,"k":0,"ix":6}},{"ty":0,"mn":"ADBE Geometry2-0006","nm":"Skew Axis","ix":7,"v":{"a":0,"k":0,"ix":7}},{"ty":0,"mn":"ADBE Geometry2-0007","nm":"Rotation","ix":8,"v":{"a":0,"k":0,"ix":8}},{"ty":0,"mn":"ADBE Geometry2-0008","nm":"Opacity","ix":9,"v":{"a":0,"k":100,"ix":9}},{"ty":7,"mn":"ADBE Geometry2-0009","nm":"Use Composition’s Shutter Angle","ix":10,"v":{"a":0,"k":1,"ix":10}},{"ty":0,"mn":"ADBE Geometry2-0010","nm":"Shutter Angle","ix":11,"v":{"a":0,"k":0,"ix":11}},{"ty":7,"mn":"ADBE Geometry2-0012","nm":"Sampling","ix":12,"v":{"a":0,"k":1,"ix":12}}]}],"shapes":[{"ty":"gr","bm":0,"cl":"","ln":"","hd":false,"mn":"ADBE Vector Group","nm":"Group 1","ix":1,"cix":2,"np":2,"it":[{"ty":"sh","bm":0,"cl":"","ln":"","hd":false,"mn":"ADBE Vector Shape - Group","nm":"Path 1","ix":1,"d":1,"ks":{"a":0,"k":{"c":true,"i":[[-2.209,0],[0,-2.209],[2.209,0],[0,2.209]],"o":[[2.209,0],[0,2.209],[-2.209,0],[0,-2.209]],"v":[[0,-4],[4,0],[0,4],[-4,0]]},"ix":2}},{"ty":"fl","bm":0,"cl":"","ln":"","hd":false,"mn":"ADBE Vector Graphic - Fill","nm":"Fill 1","c":{"a":0,"k":[0.9373,0.9373,0.9373],"ix":4},"r":1,"o":{"a":0,"k":100,"ix":5}},{"ty":"tr","a":{"a":0,"k":[0,0],"ix":1},"s":{"a":0,"k":[100,100],"ix":3},"sk":{"a":0,"k":0,"ix":4},"p":{"a":0,"k":[4.25,4.25],"ix":2},"r":{"a":0,"k":0,"ix":6},"sa":{"a":0,"k":0,"ix":5},"o":{"a":0,"k":100,"ix":7}}]}],"ind":0},{"ty":4,"nm":"6 Outlines","mn":"","sr":1,"st":0,"op":180,"ip":0,"hd":false,"cl":"","ln":"","ddd":0,"bm":0,"tt":0,"hasMask":false,"td":0,"ao":0,"ks":{"a":{"a":0,"k":[4.5,4.5,0],"ix":1},"s":{"a":0,"k":[100,100,100],"ix":6},"sk":{"a":0,"k":0},"p":{"a":0,"k":[528,589,0],"ix":2},"sa":{"a":0,"k":0},"o":{"a":0,"k":100,"ix":11},"r":{"a":0,"k":0,"ix":10}},"ef":[{"ty":5,"mn":"ADBE CM WigglePosition","nm":"Wiggle - position","ix":1,"en":1,"ef":[{"ty":0,"mn":"ADBE CM WigglePosition-0001","nm":"Wiggle Speed (wigs/sec)","ix":1,"v":{"a":0,"k":1,"ix":1}},{"ty":0,"mn":"ADBE CM WigglePosition-0002","nm":"Wiggle Amount (pixels)","ix":2,"v":{"a":0,"k":3.5,"ix":2}}]},{"ty":5,"mn":"ADBE Geometry2","nm":"(Transform)","ix":2,"en":1,"ef":[{"ty":3,"mn":"ADBE Geometry2-0001","nm":"Anchor Point","ix":1,"v":{"a":0,"k":[0,0],"ix":1}},{"ty":3,"mn":"ADBE Geometry2-0002","nm":"Position","ix":2,"v":{"a":0,"k":[0,0],"ix":2}},{"ty":7,"mn":"ADBE Geometry2-0011","nm":"Uniform Scale","ix":3,"v":{"a":0,"k":1,"ix":3}},{"ty":0,"mn":"ADBE Geometry2-0003","nm":"Scale Height","ix":4,"v":{"a":0,"k":100,"ix":4}},{"ty":0,"mn":"ADBE Geometry2-0004","nm":"Scale Width","ix":5,"v":{"a":0,"k":100,"ix":5}},{"ty":0,"mn":"ADBE Geometry2-0005","nm":"Skew","ix":6,"v":{"a":0,"k":0,"ix":6}},{"ty":0,"mn":"ADBE Geometry2-0006","nm":"Skew Axis","ix":7,"v":{"a":0,"k":0,"ix":7}},{"ty":0,"mn":"ADBE Geometry2-0007","nm":"Rotation","ix":8,"v":{"a":0,"k":0,"ix":8}},{"ty":0,"mn":"ADBE Geometry2-0008","nm":"Opacity","ix":9,"v":{"a":0,"k":100,"ix":9}},{"ty":7,"mn":"ADBE Geometry2-0009","nm":"Use Composition’s Shutter Angle","ix":10,"v":{"a":0,"k":1,"ix":10}},{"ty":0,"mn":"ADBE Geometry2-0010","nm":"Shutter Angle","ix":11,"v":{"a":0,"k":0,"ix":11}},{"ty":7,"mn":"ADBE Geometry2-0012","nm":"Sampling","ix":12,"v":{"a":0,"k":1,"ix":12}}]}],"shapes":[{"ty":"gr","bm":0,"cl":"","ln":"","hd":false,"mn":"ADBE Vector Group","nm":"Group 1","ix":1,"cix":2,"np":2,"it":[{"ty":"sh","bm":0,"cl":"","ln":"","hd":false,"mn":"ADBE Vector Shape - Group","nm":"Path 1","ix":1,"d":1,"ks":{"a":0,"k":{"c":true,"i":[[-1.933,0],[0,-1.933],[1.933,0],[0,1.933]],"o":[[1.933,0],[0,1.933],[-1.933,0],[0,-1.933]],"v":[[0,-3.5],[3.5,0],[0,3.5],[-3.5,0]]},"ix":2}},{"ty":"st","bm":0,"cl":"","ln":"","hd":false,"mn":"ADBE Vector Graphic - Stroke","nm":"Stroke 1","lc":1,"lj":1,"ml":4,"o":{"a":0,"k":100,"ix":4},"w":{"a":0,"k":1,"ix":5},"d":[],"c":{"a":0,"k":[0.9373,0.9373,0.9373],"ix":3}},{"ty":"tr","a":{"a":0,"k":[0,0],"ix":1},"s":{"a":0,"k":[100,100],"ix":3},"sk":{"a":0,"k":0,"ix":4},"p":{"a":0,"k":[4.5,4.5],"ix":2},"r":{"a":0,"k":0,"ix":6},"sa":{"a":0,"k":0,"ix":5},"o":{"a":0,"k":100,"ix":7}}]}],"ind":1},{"ty":4,"nm":"5 Outlines","mn":"","sr":1,"st":0,"op":180,"ip":0,"hd":false,"cl":"","ln":"","ddd":0,"bm":0,"tt":0,"hasMask":false,"td":0,"ao":0,"ks":{"a":{"a":0,"k":[4.25,4.25,0],"ix":1},"s":{"a":0,"k":[100,100,100],"ix":6},"sk":{"a":0,"k":0},"p":{"a":0,"k":[409,560,0],"ix":2},"sa":{"a":0,"k":0},"o":{"a":0,"k":100,"ix":11},"r":{"a":0,"k":0,"ix":10}},"ef":[{"ty":5,"mn":"ADBE CM WigglePosition","nm":"Wiggle - position","ix":1,"en":1,"ef":[{"ty":0,"mn":"ADBE CM WigglePosition-0001","nm":"Wiggle Speed (wigs/sec)","ix":1,"v":{"a":0,"k":1,"ix":1}},{"ty":0,"mn":"ADBE CM WigglePosition-0002","nm":"Wiggle Amount (pixels)","ix":2,"v":{"a":0,"k":3.5,"ix":2}}]},{"ty":5,"mn":"ADBE Geometry2","nm":"(Transform)","ix":2,"en":1,"ef":[{"ty":3,"mn":"ADBE Geometry2-0001","nm":"Anchor Point","ix":1,"v":{"a":0,"k":[0,0],"ix":1}},{"ty":3,"mn":"ADBE Geometry2-0002","nm":"Position","ix":2,"v":{"a":0,"k":[0,0],"ix":2}},{"ty":7,"mn":"ADBE Geometry2-0011","nm":"Uniform Scale","ix":3,"v":{"a":0,"k":1,"ix":3}},{"ty":0,"mn":"ADBE Geometry2-0003","nm":"Scale Height","ix":4,"v":{"a":0,"k":100,"ix":4}},{"ty":0,"mn":"ADBE Geometry2-0004","nm":"Scale Width","ix":5,"v":{"a":0,"k":100,"ix":5}},{"ty":0,"mn":"ADBE Geometry2-0005","nm":"Skew","ix":6,"v":{"a":0,"k":0,"ix":6}},{"ty":0,"mn":"ADBE Geometry2-0006","nm":"Skew Axis","ix":7,"v":{"a":0,"k":0,"ix":7}},{"ty":0,"mn":"ADBE Geometry2-0007","nm":"Rotation","ix":8,"v":{"a":0,"k":0,"ix":8}},{"ty":0,"mn":"ADBE Geometry2-0008","nm":"Opacity","ix":9,"v":{"a":0,"k":100,"ix":9}},{"ty":7,"mn":"ADBE Geometry2-0009","nm":"Use Composition’s Shutter Angle","ix":10,"v":{"a":0,"k":1,"ix":10}},{"ty":0,"mn":"ADBE Geometry2-0010","nm":"Shutter Angle","ix":11,"v":{"a":0,"k":0,"ix":11}},{"ty":7,"mn":"ADBE Geometry2-0012","nm":"Sampling","ix":12,"v":{"a":0,"k":1,"ix":12}}]}],"shapes":[{"ty":"gr","bm":0,"cl":"","ln":"","hd":false,"mn":"ADBE Vector Group","nm":"Group 1","ix":1,"cix":2,"np":2,"it":[{"ty":"sh","bm":0,"cl":"","ln":"","hd":false,"mn":"ADBE Vector Shape - Group","nm":"Path 1","ix":1,"d":1,"ks":{"a":0,"k":{"c":true,"i":[[0,0],[0,0],[0,0],[0,0],[0,0],[0,0],[0,0],[0,0],[0,0],[0,0],[0,0],[0,0]],"o":[[0,0],[0,0],[0,0],[0,0],[0,0],[0,0],[0,0],[0,0],[0,0],[0,0],[0,0],[0,0]],"v":[[1,-1],[1,-4],[-1,-4],[-1,-1],[-4,-1],[-4,1],[-1,1],[-1,4],[1,4],[1,1],[4,1],[4,-1]]},"ix":2}},{"ty":"fl","bm":0,"cl":"","ln":"","hd":false,"mn":"ADBE Vector Graphic - Fill","nm":"Fill 1","c":{"a":0,"k":[0.9373,0.9373,0.9373],"ix":4},"r":1,"o":{"a":0,"k":100,"ix":5}},{"ty":"tr","a":{"a":0,"k":[0,0],"ix":1},"s":{"a":0,"k":[100,100],"ix":3},"sk":{"a":0,"k":0,"ix":4},"p":{"a":0,"k":[4.25,4.25],"ix":2},"r":{"a":0,"k":0,"ix":6},"sa":{"a":0,"k":0,"ix":5},"o":{"a":0,"k":100,"ix":7}}]}],"ind":2},{"ty":4,"nm":"4 Outlines","mn":"","sr":1,"st":0,"op":180,"ip":0,"hd":false,"cl":"","ln":"","ddd":0,"bm":0,"tt":0,"hasMask":false,"td":0,"ao":0,"ks":{"a":{"a":0,"k":[4.25,4.25,0],"ix":1},"s":{"a":0,"k":[100,100,100],"ix":6},"sk":{"a":0,"k":0},"p":{"a":0,"k":[392,456,0],"ix":2},"sa":{"a":0,"k":0},"o":{"a":0,"k":100,"ix":11},"r":{"a":0,"k":0,"ix":10}},"ef":[{"ty":5,"mn":"ADBE CM WigglePosition","nm":"Wiggle - position","ix":1,"en":1,"ef":[{"ty":0,"mn":"ADBE CM WigglePosition-0001","nm":"Wiggle Speed (wigs/sec)","ix":1,"v":{"a":0,"k":1,"ix":1}},{"ty":0,"mn":"ADBE CM WigglePosition-0002","nm":"Wiggle Amount (pixels)","ix":2,"v":{"a":0,"k":3.5,"ix":2}}]},{"ty":5,"mn":"ADBE Geometry2","nm":"(Transform)","ix":2,"en":1,"ef":[{"ty":3,"mn":"ADBE Geometry2-0001","nm":"Anchor Point","ix":1,"v":{"a":0,"k":[0,0],"ix":1}},{"ty":3,"mn":"ADBE Geometry2-0002","nm":"Position","ix":2,"v":{"a":0,"k":[0,0],"ix":2}},{"ty":7,"mn":"ADBE Geometry2-0011","nm":"Uniform Scale","ix":3,"v":{"a":0,"k":1,"ix":3}},{"ty":0,"mn":"ADBE Geometry2-0003","nm":"Scale Height","ix":4,"v":{"a":0,"k":100,"ix":4}},{"ty":0,"mn":"ADBE Geometry2-0004","nm":"Scale Width","ix":5,"v":{"a":0,"k":100,"ix":5}},{"ty":0,"mn":"ADBE Geometry2-0005","nm":"Skew","ix":6,"v":{"a":0,"k":0,"ix":6}},{"ty":0,"mn":"ADBE Geometry2-0006","nm":"Skew Axis","ix":7,"v":{"a":0,"k":0,"ix":7}},{"ty":0,"mn":"ADBE Geometry2-0007","nm":"Rotation","ix":8,"v":{"a":0,"k":0,"ix":8}},{"ty":0,"mn":"ADBE Geometry2-0008","nm":"Opacity","ix":9,"v":{"a":0,"k":100,"ix":9}},{"ty":7,"mn":"ADBE Geometry2-0009","nm":"Use Composition’s Shutter Angle","ix":10,"v":{"a":0,"k":1,"ix":10}},{"ty":0,"mn":"ADBE Geometry2-0010","nm":"Shutter Angle","ix":11,"v":{"a":0,"k":0,"ix":11}},{"ty":7,"mn":"ADBE Geometry2-0012","nm":"Sampling","ix":12,"v":{"a":0,"k":1,"ix":12}}]}],"shapes":[{"ty":"gr","bm":0,"cl":"","ln":"","hd":false,"mn":"ADBE Vector Group","nm":"Group 1","ix":1,"cix":2,"np":2,"it":[{"ty":"sh","bm":0,"cl":"","ln":"","hd":false,"mn":"ADBE Vector Shape - Group","nm":"Path 1","ix":1,"d":1,"ks":{"a":0,"k":{"c":true,"i":[[-2.209,0],[0,-2.209],[2.209,0],[0,2.209]],"o":[[2.209,0],[0,2.209],[-2.209,0],[0,-2.209]],"v":[[0,-4],[4,0],[0,4],[-4,0]]},"ix":2}},{"ty":"fl","bm":0,"cl":"","ln":"","hd":false,"mn":"ADBE Vector Graphic - Fill","nm":"Fill 1","c":{"a":0,"k":[0.9373,0.9373,0.9373],"ix":4},"r":1,"o":{"a":0,"k":100,"ix":5}},{"ty":"tr","a":{"a":0,"k":[0,0],"ix":1},"s":{"a":0,"k":[100,100],"ix":3},"sk":{"a":0,"k":0,"ix":4},"p":{"a":0,"k":[4.25,4.25],"ix":2},"r":{"a":0,"k":0,"ix":6},"sa":{"a":0,"k":0,"ix":5},"o":{"a":0,"k":100,"ix":7}}]}],"ind":3},{"ty":4,"nm":"3 Outlines","mn":"","sr":1,"st":0,"op":180,"ip":0,"hd":false,"cl":"","ln":"","ddd":0,"bm":0,"tt":0,"hasMask":false,"td":0,"ao":0,"ks":{"a":{"a":0,"k":[4.5,4.5,0],"ix":1},"s":{"a":0,"k":[100,100,100],"ix":6},"sk":{"a":0,"k":0},"p":{"a":0,"k":[471,381,0],"ix":2},"sa":{"a":0,"k":0},"o":{"a":0,"k":100,"ix":11},"r":{"a":0,"k":0,"ix":10}},"ef":[{"ty":5,"mn":"ADBE CM WigglePosition","nm":"Wiggle - position","ix":1,"en":1,"ef":[{"ty":0,"mn":"ADBE CM WigglePosition-0001","nm":"Wiggle Speed (wigs/sec)","ix":1,"v":{"a":0,"k":1,"ix":1}},{"ty":0,"mn":"ADBE CM WigglePosition-0002","nm":"Wiggle Amount (pixels)","ix":2,"v":{"a":0,"k":3.5,"ix":2}}]},{"ty":5,"mn":"ADBE Geometry2","nm":"(Transform)","ix":2,"en":1,"ef":[{"ty":3,"mn":"ADBE Geometry2-0001","nm":"Anchor Point","ix":1,"v":{"a":0,"k":[0,0],"ix":1}},{"ty":3,"mn":"ADBE Geometry2-0002","nm":"Position","ix":2,"v":{"a":0,"k":[0,0],"ix":2}},{"ty":7,"mn":"ADBE Geometry2-0011","nm":"Uniform Scale","ix":3,"v":{"a":0,"k":1,"ix":3}},{"ty":0,"mn":"ADBE Geometry2-0003","nm":"Scale Height","ix":4,"v":{"a":0,"k":100,"ix":4}},{"ty":0,"mn":"ADBE Geometry2-0004","nm":"Scale Width","ix":5,"v":{"a":0,"k":100,"ix":5}},{"ty":0,"mn":"ADBE Geometry2-0005","nm":"Skew","ix":6,"v":{"a":0,"k":0,"ix":6}},{"ty":0,"mn":"ADBE Geometry2-0006","nm":"Skew Axis","ix":7,"v":{"a":0,"k":0,"ix":7}},{"ty":0,"mn":"ADBE Geometry2-0007","nm":"Rotation","ix":8,"v":{"a":0,"k":0,"ix":8}},{"ty":0,"mn":"ADBE Geometry2-0008","nm":"Opacity","ix":9,"v":{"a":0,"k":100,"ix":9}},{"ty":7,"mn":"ADBE Geometry2-0009","nm":"Use Composition’s Shutter Angle","ix":10,"v":{"a":0,"k":1,"ix":10}},{"ty":0,"mn":"ADBE Geometry2-0010","nm":"Shutter Angle","ix":11,"v":{"a":0,"k":0,"ix":11}},{"ty":7,"mn":"ADBE Geometry2-0012","nm":"Sampling","ix":12,"v":{"a":0,"k":1,"ix":12}}]}],"shapes":[{"ty":"gr","bm":0,"cl":"","ln":"","hd":false,"mn":"ADBE Vector Group","nm":"Group 1","ix":1,"cix":2,"np":2,"it":[{"ty":"sh","bm":0,"cl":"","ln":"","hd":false,"mn":"ADBE Vector Shape - Group","nm":"Path 1","ix":1,"d":1,"ks":{"a":0,"k":{"c":true,"i":[[-1.933,0],[0,-1.933],[1.933,0],[0,1.933]],"o":[[1.933,0],[0,1.933],[-1.933,0],[0,-1.933]],"v":[[0,-3.5],[3.5,0],[0,3.5],[-3.5,0]]},"ix":2}},{"ty":"st","bm":0,"cl":"","ln":"","hd":false,"mn":"ADBE Vector Graphic - Stroke","nm":"Stroke 1","lc":1,"lj":1,"ml":4,"o":{"a":0,"k":100,"ix":4},"w":{"a":0,"k":1,"ix":5},"d":[],"c":{"a":0,"k":[0.9373,0.9373,0.9373],"ix":3}},{"ty":"tr","a":{"a":0,"k":[0,0],"ix":1},"s":{"a":0,"k":[100,100],"ix":3},"sk":{"a":0,"k":0,"ix":4},"p":{"a":0,"k":[4.5,4.5],"ix":2},"r":{"a":0,"k":0,"ix":6},"sa":{"a":0,"k":0,"ix":5},"o":{"a":0,"k":100,"ix":7}}]}],"ind":4},{"ty":4,"nm":"2 Outlines","mn":"","sr":1,"st":0,"op":180,"ip":0,"hd":false,"cl":"","ln":"","ddd":0,"bm":0,"tt":0,"hasMask":false,"td":0,"ao":0,"ks":{"a":{"a":0,"k":[4.5,4.5,0],"ix":1},"s":{"a":0,"k":[100,100,100],"ix":6},"sk":{"a":0,"k":0},"p":{"a":0,"k":[563,373,0],"ix":2},"sa":{"a":0,"k":0},"o":{"a":0,"k":100,"ix":11},"r":{"a":0,"k":0,"ix":10}},"ef":[{"ty":5,"mn":"ADBE CM WigglePosition","nm":"Wiggle - position","ix":1,"en":1,"ef":[{"ty":0,"mn":"ADBE CM WigglePosition-0001","nm":"Wiggle Speed (wigs/sec)","ix":1,"v":{"a":0,"k":1,"ix":1}},{"ty":0,"mn":"ADBE CM WigglePosition-0002","nm":"Wiggle Amount (pixels)","ix":2,"v":{"a":0,"k":3.5,"ix":2}}]},{"ty":5,"mn":"ADBE Geometry2","nm":"(Transform)","ix":2,"en":1,"ef":[{"ty":3,"mn":"ADBE Geometry2-0001","nm":"Anchor Point","ix":1,"v":{"a":0,"k":[0,0],"ix":1}},{"ty":3,"mn":"ADBE Geometry2-0002","nm":"Position","ix":2,"v":{"a":0,"k":[0,0],"ix":2}},{"ty":7,"mn":"ADBE Geometry2-0011","nm":"Uniform Scale","ix":3,"v":{"a":0,"k":1,"ix":3}},{"ty":0,"mn":"ADBE Geometry2-0003","nm":"Scale Height","ix":4,"v":{"a":0,"k":100,"ix":4}},{"ty":0,"mn":"ADBE Geometry2-0004","nm":"Scale Width","ix":5,"v":{"a":0,"k":100,"ix":5}},{"ty":0,"mn":"ADBE Geometry2-0005","nm":"Skew","ix":6,"v":{"a":0,"k":0,"ix":6}},{"ty":0,"mn":"ADBE Geometry2-0006","nm":"Skew Axis","ix":7,"v":{"a":0,"k":0,"ix":7}},{"ty":0,"mn":"ADBE Geometry2-0007","nm":"Rotation","ix":8,"v":{"a":0,"k":0,"ix":8}},{"ty":0,"mn":"ADBE Geometry2-0008","nm":"Opacity","ix":9,"v":{"a":0,"k":100,"ix":9}},{"ty":7,"mn":"ADBE Geometry2-0009","nm":"Use Composition’s Shutter Angle","ix":10,"v":{"a":0,"k":1,"ix":10}},{"ty":0,"mn":"ADBE Geometry2-0010","nm":"Shutter Angle","ix":11,"v":{"a":0,"k":0,"ix":11}},{"ty":7,"mn":"ADBE Geometry2-0012","nm":"Sampling","ix":12,"v":{"a":0,"k":1,"ix":12}}]}],"shapes":[{"ty":"gr","bm":0,"cl":"","ln":"","hd":false,"mn":"ADBE Vector Group","nm":"Group 1","ix":1,"cix":2,"np":2,"it":[{"ty":"sh","bm":0,"cl":"","ln":"","hd":false,"mn":"ADBE Vector Shape - Group","nm":"Path 1","ix":1,"d":1,"ks":{"a":0,"k":{"c":true,"i":[[-1.933,0],[0,-1.933],[1.933,0],[0,1.933]],"o":[[1.933,0],[0,1.933],[-1.933,0],[0,-1.933]],"v":[[0,-3.5],[3.5,0],[0,3.5],[-3.5,0]]},"ix":2}},{"ty":"st","bm":0,"cl":"","ln":"","hd":false,"mn":"ADBE Vector Graphic - Stroke","nm":"Stroke 1","lc":1,"lj":1,"ml":4,"o":{"a":0,"k":100,"ix":4},"w":{"a":0,"k":1,"ix":5},"d":[],"c":{"a":0,"k":[0.9373,0.9373,0.9373],"ix":3}},{"ty":"tr","a":{"a":0,"k":[0,0],"ix":1},"s":{"a":0,"k":[100,100],"ix":3},"sk":{"a":0,"k":0,"ix":4},"p":{"a":0,"k":[4.5,4.5],"ix":2},"r":{"a":0,"k":0,"ix":6},"sa":{"a":0,"k":0,"ix":5},"o":{"a":0,"k":100,"ix":7}}]}],"ind":5},{"ty":4,"nm":"1 Outlines","mn":"","sr":1,"st":0,"op":180,"ip":0,"hd":false,"cl":"","ln":"","ddd":0,"bm":0,"tt":0,"hasMask":false,"td":0,"ao":0,"ks":{"a":{"a":0,"k":[4.25,4.25,0],"ix":1},"s":{"a":0,"k":[100,100,100],"ix":6},"sk":{"a":0,"k":0},"p":{"a":0,"k":[628,414,0],"ix":2},"sa":{"a":0,"k":0},"o":{"a":0,"k":100,"ix":11},"r":{"a":0,"k":0,"ix":10}},"ef":[{"ty":5,"mn":"ADBE CM WigglePosition","nm":"Wiggle - position","ix":1,"en":1,"ef":[{"ty":0,"mn":"ADBE CM WigglePosition-0001","nm":"Wiggle Speed (wigs/sec)","ix":1,"v":{"a":0,"k":1,"ix":1}},{"ty":0,"mn":"ADBE CM WigglePosition-0002","nm":"Wiggle Amount (pixels)","ix":2,"v":{"a":0,"k":3.5,"ix":2}}]},{"ty":5,"mn":"ADBE Geometry2","nm":"(Transform)","ix":2,"en":1,"ef":[{"ty":3,"mn":"ADBE Geometry2-0001","nm":"Anchor Point","ix":1,"v":{"a":0,"k":[0,0],"ix":1}},{"ty":3,"mn":"ADBE Geometry2-0002","nm":"Position","ix":2,"v":{"a":0,"k":[0,0],"ix":2}},{"ty":7,"mn":"ADBE Geometry2-0011","nm":"Uniform Scale","ix":3,"v":{"a":0,"k":1,"ix":3}},{"ty":0,"mn":"ADBE Geometry2-0003","nm":"Scale","ix":4,"v":{"a":0,"k":100,"ix":4}},{"ty":0,"mn":"ADBE Geometry2-0004","nm":" ","ix":5,"v":{"a":0,"k":100,"ix":5}},{"ty":0,"mn":"ADBE Geometry2-0005","nm":"Skew","ix":6,"v":{"a":0,"k":0,"ix":6}},{"ty":0,"mn":"ADBE Geometry2-0006","nm":"Skew Axis","ix":7,"v":{"a":0,"k":0,"ix":7}},{"ty":0,"mn":"ADBE Geometry2-0007","nm":"Rotation","ix":8,"v":{"a":0,"k":0,"ix":8}},{"ty":0,"mn":"ADBE Geometry2-0008","nm":"Opacity","ix":9,"v":{"a":0,"k":100,"ix":9}},{"ty":7,"mn":"ADBE Geometry2-0009","nm":"Use Composition’s Shutter Angle","ix":10,"v":{"a":0,"k":1,"ix":10}},{"ty":0,"mn":"ADBE Geometry2-0010","nm":"Shutter Angle","ix":11,"v":{"a":0,"k":0,"ix":11}},{"ty":7,"mn":"ADBE Geometry2-0012","nm":"Sampling","ix":12,"v":{"a":0,"k":1,"ix":12}}]}],"shapes":[{"ty":"gr","bm":0,"cl":"","ln":"","hd":false,"mn":"ADBE Vector Group","nm":"Group 1","ix":1,"cix":2,"np":2,"it":[{"ty":"sh","bm":0,"cl":"","ln":"","hd":false,"mn":"ADBE Vector Shape - Group","nm":"Path 1","ix":1,"d":1,"ks":{"a":0,"k":{"c":true,"i":[[0,0],[0,0],[0,0],[0,0],[0,0],[0,0],[0,0],[0,0],[0,0],[0,0],[0,0],[0,0]],"o":[[0,0],[0,0],[0,0],[0,0],[0,0],[0,0],[0,0],[0,0],[0,0],[0,0],[0,0],[0,0]],"v":[[1,-1],[1,-4],[-1,-4],[-1,-1],[-4,-1],[-4,1],[-1,1],[-1,4],[1,4],[1,1],[4,1],[4,-1]]},"ix":2}},{"ty":"fl","bm":0,"cl":"","ln":"","hd":false,"mn":"ADBE Vector Graphic - Fill","nm":"Fill 1","c":{"a":0,"k":[0.9373,0.9373,0.9373],"ix":4},"r":1,"o":{"a":0,"k":100,"ix":5}},{"ty":"tr","a":{"a":0,"k":[0,0],"ix":1},"s":{"a":0,"k":[100,100],"ix":3},"sk":{"a":0,"k":0,"ix":4},"p":{"a":0,"k":[4.25,4.25],"ix":2},"r":{"a":0,"k":0,"ix":6},"sa":{"a":0,"k":0,"ix":5},"o":{"a":0,"k":100,"ix":7}}]}],"ind":6},{"ty":4,"nm":"Card1 Outlines","mn":"","sr":1,"st":0,"op":180,"ip":0,"hd":false,"cl":"","ln":"","ddd":0,"bm":0,"tt":0,"hasMask":false,"td":0,"ao":0,"ks":{"a":{"a":0,"k":[87,45,0],"ix":1},"s":{"a":0,"k":[100,100,100],"ix":6},"sk":{"a":0,"k":0},"p":{"a":1,"k":[{"o":{"x":0.167,"y":0.167},"i":{"x":0.833,"y":0.833},"s":[529.5,504.5,0],"t":0},{"o":{"x":0.167,"y":0.167},"i":{"x":0.833,"y":0.833},"s":[529.5,515.5,0],"t":30},{"o":{"x":0.167,"y":0.167},"i":{"x":0.833,"y":0.833},"s":[529.5,504.5,0],"t":60}],"ix":2},"sa":{"a":0,"k":0},"o":{"a":0,"k":100,"ix":11},"r":{"a":0,"k":0,"ix":10}},"ef":[{"ty":25,"mn":"ADBE Drop Shadow","nm":"Drop Shadow","ix":1,"en":1,"ef":[{"ty":2,"mn":"ADBE Drop Shadow-0001","nm":"Shadow Color","ix":1,"v":{"a":0,"k":[0.1176,0.5333,0.898],"ix":1}},{"ty":0,"mn":"ADBE Drop Shadow-0002","nm":"Opacity","ix":2,"v":{"a":0,"k":63.75,"ix":2}},{"ty":0,"mn":"ADBE Drop Shadow-0003","nm":"Direction","ix":3,"v":{"a":0,"k":135,"ix":3}},{"ty":0,"mn":"ADBE Drop Shadow-0004","nm":"Distance","ix":4,"v":{"a":0,"k":5,"ix":4}},{"ty":0,"mn":"ADBE Drop Shadow-0005","nm":"Softness","ix":5,"v":{"a":0,"k":53,"ix":5}},{"ty":7,"mn":"ADBE Drop Shadow-0006","nm":"Shadow Only","ix":6,"v":{"a":0,"k":0,"ix":6}}]}],"shapes":[{"ty":"gr","bm":0,"cl":"","ln":"","hd":false,"mn":"ADBE Vector Group","nm":"Group 1","ix":1,"cix":2,"np":2,"it":[{"ty":"sh","bm":0,"cl":"","ln":"","hd":false,"mn":"ADBE Vector Shape - Group","nm":"Path 1","ix":1,"d":1,"ks":{"a":0,"k":{"c":true,"i":[[-1.657,0],[0,0],[0,-1.657],[1.657,0],[0,0],[0,1.657]],"o":[[0,0],[1.657,0],[0,1.657],[0,0],[-1.657,0],[0,-1.657]],"v":[[-54,-3],[54,-3],[57,0],[54,3],[-54,3],[-57,0]]},"ix":2}},{"ty":"fl","bm":0,"cl":"","ln":"","hd":false,"mn":"ADBE Vector Graphic - Fill","nm":"Fill 1","c":{"a":0,"k":[0.949,0.949,0.949],"ix":4},"r":1,"o":{"a":0,"k":100,"ix":5}},{"ty":"tr","a":{"a":0,"k":[0,0],"ix":1},"s":{"a":0,"k":[100,100],"ix":3},"sk":{"a":0,"k":0,"ix":4},"p":{"a":0,"k":[81.5,54.5],"ix":2},"r":{"a":0,"k":0,"ix":6},"sa":{"a":0,"k":0,"ix":5},"o":{"a":0,"k":100,"ix":7}}]},{"ty":"gr","bm":0,"cl":"","ln":"","hd":false,"mn":"ADBE Vector Group","nm":"Group 2","ix":2,"cix":2,"np":2,"it":[{"ty":"sh","bm":0,"cl":"","ln":"","hd":false,"mn":"ADBE Vector Shape - Group","nm":"Path 1","ix":1,"d":1,"ks":{"a":0,"k":{"c":true,"i":[[-1.657,0],[0,0],[0,-1.657],[1.657,0],[0,0],[0,1.657]],"o":[[0,0],[1.657,0],[0,1.657],[0,0],[-1.657,0],[0,-1.657]],"v":[[-22.5,-3],[22.5,-3],[25.5,0],[22.5,3],[-22.5,3],[-25.5,0]]},"ix":2}},{"ty":"fl","bm":0,"cl":"","ln":"","hd":false,"mn":"ADBE Vector Graphic - Fill","nm":"Fill 1","c":{"a":0,"k":[0.8902,0.8902,0.8902],"ix":4},"r":1,"o":{"a":0,"k":100,"ix":5}},{"ty":"tr","a":{"a":0,"k":[0,0],"ix":1},"s":{"a":0,"k":[100,100],"ix":3},"sk":{"a":0,"k":0,"ix":4},"p":{"a":0,"k":[50,36.5],"ix":2},"r":{"a":0,"k":0,"ix":6},"sa":{"a":0,"k":0,"ix":5},"o":{"a":0,"k":100,"ix":7}}]},{"ty":"gr","bm":0,"cl":"","ln":"","hd":false,"mn":"ADBE Vector Group","nm":"Group 3","ix":3,"cix":2,"np":2,"it":[{"ty":"sh","bm":0,"cl":"","ln":"","hd":false,"mn":"ADBE Vector Shape - Group","nm":"Path 1","ix":1,"d":1,"ks":{"a":0,"k":{"c":true,"i":[[-3.36,2.84],[0,0],[0,4.75],[0,0]],"o":[[0,0],[-3.36,-2.84],[0,0],[0,-4.75]],"v":[[2.75,-40.34],[2.75,40.34],[-2.75,28.5],[-2.75,-28.5]]},"ix":2}},{"ty":"fl","bm":0,"cl":"","ln":"","hd":false,"mn":"ADBE Vector Graphic - Fill","nm":"Fill 1","c":{"a":0,"k":[1,0.498,0],"ix":4},"r":1,"o":{"a":0,"k":100,"ix":5}},{"ty":"tr","a":{"a":0,"k":[0,0],"ix":1},"s":{"a":0,"k":[100,100],"ix":3},"sk":{"a":0,"k":0,"ix":4},"p":{"a":0,"k":[3.75,45],"ix":2},"r":{"a":0,"k":0,"ix":6},"sa":{"a":0,"k":0,"ix":5},"o":{"a":0,"k":100,"ix":7}}]},{"ty":"gr","bm":0,"cl":"","ln":"","hd":false,"mn":"ADBE Vector Group","nm":"Group 4","ix":4,"cix":2,"np":3,"it":[{"ty":"sh","bm":0,"cl":"","ln":"","hd":false,"mn":"ADBE Vector Shape - Group","nm":"Path 1","ix":1,"d":1,"ks":{"a":0,"k":{"c":true,"i":[[0,-8.56],[0,0],[8.56,0],[0,0],[2.69,2.28],[0,4.75],[0,0],[-3.36,2.84],[-3.81,0],[0,0]],"o":[[0,0],[0,8.56],[0,0],[-3.81,0],[-3.36,-2.84],[0,0],[0,-4.75],[2.69,-2.28],[0,0],[8.56,0]],"v":[[86,-28.5],[86,28.5],[70.5,44],[-70.5,44],[-80.5,40.34],[-86,28.5],[-86,-28.5],[-80.5,-40.34],[-70.5,-44],[70.5,-44]]},"ix":2}},{"ty":"st","bm":0,"cl":"","ln":"","hd":false,"mn":"ADBE Vector Graphic - Stroke","nm":"Stroke 1","lc":1,"lj":1,"ml":4,"o":{"a":0,"k":100,"ix":4},"w":{"a":0,"k":1,"ix":5},"d":[],"c":{"a":0,"k":[0.9373,0.9373,0.9373],"ix":3}},{"ty":"fl","bm":0,"cl":"","ln":"","hd":false,"mn":"ADBE Vector Graphic - Fill","nm":"Fill 1","c":{"a":0,"k":[1,1,1],"ix":4},"r":1,"o":{"a":0,"k":100,"ix":5}},{"ty":"tr","a":{"a":0,"k":[0,0],"ix":1},"s":{"a":0,"k":[100,100],"ix":3},"sk":{"a":0,"k":0,"ix":4},"p":{"a":0,"k":[87,45],"ix":2},"r":{"a":0,"k":0,"ix":6},"sa":{"a":0,"k":0,"ix":5},"o":{"a":0,"k":100,"ix":7}}]}],"ind":7},{"ty":4,"nm":"Card2 Outlines","mn":"","sr":1,"st":0,"op":180,"ip":0,"hd":false,"cl":"","ln":"","ddd":0,"bm":0,"tt":0,"hasMask":false,"td":0,"ao":0,"ks":{"a":{"a":0,"k":[87,45,0],"ix":1},"s":{"a":0,"k":[100,100,100],"ix":6},"sk":{"a":0,"k":0},"p":{"a":0,"k":[60,-5.733,0],"ix":2},"sa":{"a":0,"k":0},"o":{"a":0,"k":100,"ix":11},"r":{"a":0,"k":0,"ix":10}},"ef":[{"ty":25,"mn":"ADBE Drop Shadow","nm":"Drop Shadow","ix":1,"en":1,"ef":[{"ty":2,"mn":"ADBE Drop Shadow-0001","nm":"Shadow Color","ix":1,"v":{"a":0,"k":[0.1176,0.5333,0.898],"ix":1}},{"ty":0,"mn":"ADBE Drop Shadow-0002","nm":"Opacity","ix":2,"v":{"a":0,"k":63.75,"ix":2}},{"ty":0,"mn":"ADBE Drop Shadow-0003","nm":"Direction","ix":3,"v":{"a":0,"k":135,"ix":3}},{"ty":0,"mn":"ADBE Drop Shadow-0004","nm":"Distance","ix":4,"v":{"a":0,"k":5,"ix":4}},{"ty":0,"mn":"ADBE Drop Shadow-0005","nm":"Softness","ix":5,"v":{"a":0,"k":53,"ix":5}},{"ty":7,"mn":"ADBE Drop Shadow-0006","nm":"Shadow Only","ix":6,"v":{"a":0,"k":0,"ix":6}}]}],"shapes":[{"ty":"gr","bm":0,"cl":"","ln":"","hd":false,"mn":"ADBE Vector Group","nm":"Group 1","ix":1,"cix":2,"np":2,"it":[{"ty":"sh","bm":0,"cl":"","ln":"","hd":false,"mn":"ADBE Vector Shape - Group","nm":"Path 1","ix":1,"d":1,"ks":{"a":0,"k":{"c":true,"i":[[-1.657,0],[0,0],[0,-1.657],[1.657,0],[0,0],[0,1.657]],"o":[[0,0],[1.657,0],[0,1.657],[0,0],[-1.657,0],[0,-1.657]],"v":[[-54,-3],[54,-3],[57,0],[54,3],[-54,3],[-57,0]]},"ix":2}},{"ty":"fl","bm":0,"cl":"","ln":"","hd":false,"mn":"ADBE Vector Graphic - Fill","nm":"Fill 1","c":{"a":0,"k":[0.949,0.949,0.949],"ix":4},"r":1,"o":{"a":0,"k":100,"ix":5}},{"ty":"tr","a":{"a":0,"k":[0,0],"ix":1},"s":{"a":0,"k":[100,100],"ix":3},"sk":{"a":0,"k":0,"ix":4},"p":{"a":0,"k":[81.5,54.5],"ix":2},"r":{"a":0,"k":0,"ix":6},"sa":{"a":0,"k":0,"ix":5},"o":{"a":0,"k":100,"ix":7}}]},{"ty":"gr","bm":0,"cl":"","ln":"","hd":false,"mn":"ADBE Vector Group","nm":"Group 2","ix":2,"cix":2,"np":2,"it":[{"ty":"sh","bm":0,"cl":"","ln":"","hd":false,"mn":"ADBE Vector Shape - Group","nm":"Path 1","ix":1,"d":1,"ks":{"a":0,"k":{"c":true,"i":[[-1.657,0],[0,0],[0,-1.657],[1.657,0],[0,0],[0,1.657]],"o":[[0,0],[1.657,0],[0,1.657],[0,0],[-1.657,0],[0,-1.657]],"v":[[-22.5,-3],[22.5,-3],[25.5,0],[22.5,3],[-22.5,3],[-25.5,0]]},"ix":2}},{"ty":"fl","bm":0,"cl":"","ln":"","hd":false,"mn":"ADBE Vector Graphic - Fill","nm":"Fill 1","c":{"a":0,"k":[0.8902,0.8902,0.8902],"ix":4},"r":1,"o":{"a":0,"k":100,"ix":5}},{"ty":"tr","a":{"a":0,"k":[0,0],"ix":1},"s":{"a":0,"k":[100,100],"ix":3},"sk":{"a":0,"k":0,"ix":4},"p":{"a":0,"k":[50,36.5],"ix":2},"r":{"a":0,"k":0,"ix":6},"sa":{"a":0,"k":0,"ix":5},"o":{"a":0,"k":100,"ix":7}}]},{"ty":"gr","bm":0,"cl":"","ln":"","hd":false,"mn":"ADBE Vector Group","nm":"Group 3","ix":3,"cix":2,"np":2,"it":[{"ty":"sh","bm":0,"cl":"","ln":"","hd":false,"mn":"ADBE Vector Shape - Group","nm":"Path 1","ix":1,"d":1,"ks":{"a":0,"k":{"c":true,"i":[[-3.36,2.84],[0,0],[0,4.75],[0,0]],"o":[[0,0],[-3.36,-2.84],[0,0],[0,-4.75]],"v":[[2.75,-40.34],[2.75,40.34],[-2.75,28.5],[-2.75,-28.5]]},"ix":2}},{"ty":"fl","bm":0,"cl":"","ln":"","hd":false,"mn":"ADBE Vector Graphic - Fill","nm":"Fill 1","c":{"a":0,"k":[0.0824,0.251,0.3176],"ix":4},"r":1,"o":{"a":0,"k":100,"ix":5}},{"ty":"tr","a":{"a":0,"k":[0,0],"ix":1},"s":{"a":0,"k":[100,100],"ix":3},"sk":{"a":0,"k":0,"ix":4},"p":{"a":0,"k":[3.75,45],"ix":2},"r":{"a":0,"k":0,"ix":6},"sa":{"a":0,"k":0,"ix":5},"o":{"a":0,"k":100,"ix":7}}]},{"ty":"gr","bm":0,"cl":"","ln":"","hd":false,"mn":"ADBE Vector Group","nm":"Group 4","ix":4,"cix":2,"np":3,"it":[{"ty":"sh","bm":0,"cl":"","ln":"","hd":false,"mn":"ADBE Vector Shape - Group","nm":"Path 1","ix":1,"d":1,"ks":{"a":0,"k":{"c":true,"i":[[0,-8.56],[0,0],[8.56,0],[0,0],[2.69,2.28],[0,4.75],[0,0],[-3.36,2.84],[-3.81,0],[0,0]],"o":[[0,0],[0,8.56],[0,0],[-3.81,0],[-3.36,-2.84],[0,0],[0,-4.75],[2.69,-2.28],[0,0],[8.56,0]],"v":[[86,-28.5],[86,28.5],[70.5,44],[-70.5,44],[-80.5,40.34],[-86,28.5],[-86,-28.5],[-80.5,-40.34],[-70.5,-44],[70.5,-44]]},"ix":2}},{"ty":"st","bm":0,"cl":"","ln":"","hd":false,"mn":"ADBE Vector Graphic - Stroke","nm":"Stroke 1","lc":1,"lj":1,"ml":4,"o":{"a":0,"k":100,"ix":4},"w":{"a":0,"k":1,"ix":5},"d":[],"c":{"a":0,"k":[0.9373,0.9373,0.9373],"ix":3}},{"ty":"fl","bm":0,"cl":"","ln":"","hd":false,"mn":"ADBE Vector Graphic - Fill","nm":"Fill 1","c":{"a":0,"k":[1,1,1],"ix":4},"r":1,"o":{"a":0,"k":100,"ix":5}},{"ty":"tr","a":{"a":0,"k":[0,0],"ix":1},"s":{"a":0,"k":[100,100],"ix":3},"sk":{"a":0,"k":0,"ix":4},"p":{"a":0,"k":[87,45],"ix":2},"r":{"a":0,"k":0,"ix":6},"sa":{"a":0,"k":0,"ix":5},"o":{"a":0,"k":100,"ix":7}}]}],"ind":8,"parent":7},{"ty":4,"nm":"Shape Layer 1","mn":"","sr":1,"st":0,"op":180,"ip":0,"hd":false,"cl":"","ln":"","ddd":0,"bm":0,"tt":0,"hasMask":false,"td":0,"ao":0,"ks":{"a":{"a":0,"k":[119,-105,0],"ix":1},"s":{"a":0,"k":[82,82,100],"ix":6},"sk":{"a":0,"k":0},"p":{"a":0,"k":[596,430,0],"ix":2},"sa":{"a":0,"k":0},"o":{"a":0,"k":100,"ix":11},"r":{"a":0,"k":0,"ix":10}},"ef":[],"shapes":[{"ty":"gr","bm":0,"cl":"","ln":"","hd":false,"mn":"ADBE Vector Group","nm":"Ellipse 1","ix":1,"cix":2,"np":3,"it":[{"ty":"el","bm":0,"cl":"","ln":"","hd":false,"mn":"ADBE Vector Shape - Ellipse","nm":"Ellipse Path 1","d":1,"p":{"a":0,"k":[0,0],"ix":3},"s":{"a":0,"k":[206,206],"ix":2}},{"ty":"st","bm":0,"cl":"","ln":"","hd":false,"mn":"ADBE Vector Graphic - Stroke","nm":"Stroke 1","lc":1,"lj":1,"ml":4,"o":{"a":0,"k":100,"ix":4},"w":{"a":0,"k":2,"ix":5},"d":[{"nm":"dash","mn":"","n":"d","v":{"a":0,"k":10,"ix":1}},{"nm":"offset","mn":"","n":"o","v":{"a":1,"k":[{"o":{"x":0.167,"y":0.167},"i":{"x":0.833,"y":0.833},"s":[0],"t":0},{"o":{"x":0.167,"y":0.167},"i":{"x":0.833,"y":0.833},"s":[10],"t":30},{"o":{"x":0.167,"y":0.167},"i":{"x":0.833,"y":0.833},"s":[0],"t":60},{"o":{"x":0.167,"y":0.167},"i":{"x":0.833,"y":0.833},"s":[10],"t":90},{"o":{"x":0.167,"y":0.167},"i":{"x":0.833,"y":0.833},"s":[0],"t":120}],"ix":7}}],"c":{"a":0,"k":[0.8471,0.8627,0.9412],"ix":3}},{"ty":"tr","a":{"a":0,"k":[0,0],"ix":1},"s":{"a":0,"k":[100,100],"ix":3},"sk":{"a":0,"k":0,"ix":4},"p":{"a":0,"k":[119,-105],"ix":2},"r":{"a":0,"k":0,"ix":6},"sa":{"a":0,"k":0,"ix":5},"o":{"a":0,"k":100,"ix":7}}]}],"ind":9}],"id":"comp_0","fr":30}]}