{
  "baseUrl": "http://localhost:4000",
  "_baseUrl": "https://rms-backend.onrender.com",
  "configuration": {
    "logoUrl": "/images/home_icon.png",
    "companyName": "Search Homes",
    "phoneNum": "+2519789216",
    "address": "Addis Ababa, Kotebe",
    "companyEmail": "searchHomes@gmail.com",
    "bigHeadLine": "Book Your Dream Vacation at Our listed rooms!",
    "subHeadLine": "Experience the World with SearchRooms, Find Unique Places to Stay and Adventures Around the Globe!",
    "ourMission": "Our mission at SearchRooms is to provide a simple and convenient way for travelers to find and book the perfect hotel for their needs. We strive to make the booking process as easy and stress-free as possible, while offering the best selection of hotels at competitive prices. We are committed to providing excellent customer service and making sure our customers have a pleasant experience when booking with us.",
    "ourVision": "Our vision for SearchRooms is to provide a convenient and hassle-free experience for travelers looking for the perfect accommodation. We strive to make the process of finding and booking a hotel room as simple and straightforward as possible. Our goal is to provide customers with an easy-to-use platform that allows them to search, compare, and book their ideal hotel in just a few clicks. We are committed to providing the best customer service, so that our customers can have a pleasant and stress-free experience when booking their stay.",
    "aboutUs": "Lorem ipsum dolor, sit amet consectetur adipisicing elit. Minima voluptas quidem repellat impedit adipisci soluta in dolores vel nemo amet nostrum vero corrupti quia sapiente, aspernatur saepe suscipit tenetur perferendis?",
    "socialLinks": {
      "twitter": "https://twitter.com/CompanyTwitter",
      "facebook": "https://facebook.com/companyFacebook",
      "linkedIn": "https://www.linkedin.com/companyLinkedIn",
      "telegram": "https://t.me/"
    }
  }
}
